stock pair,all-fundamental-variables
ECPG_PALI,0.1573135380252522
LWLG_PRAA,0.1474902831183178
MDGL_PALI,0.145260432463869
CPSS_PALI,0.1307600416792797
CPSS_MDGL,0.1301528912447787
LWLG_MDGL,0.0706296217506087
ARWR_MDGL,0.0547362898477871
ECPG_MDGL,0.0471925996348288
CSWC_MDGL,0.0317071159146349
CHI_MDGL,0.0199199039671015
