stock pair,all-fundamental-variables
CHI_CSWC,0.9566722936438736
CGO_CHI,0.9475397631615128
CGO_HSKA,0.9421275411675276
CPSS_ECPG,0.9014941944515048
CHI_HSKA,0.9012818661637458
CSWC_HSKA,0.8845960659030138
CGO_CSWC,0.8779884643648909
ARWR_CGO,0.8745170101307046
CSWC_DHIL,0.8683135911270939
ARWR_CHI,0.8537908469407435
