stock pair,pairs
ITIC_NTGR,0.0002463834462356104
STKL_THMO,0.00018761665253868827
NFLX_STRT,0.0001718462713891724
MHLD_SYPR,0.0001438666311354957
BGFV_CONN,0.00010862425102211128
AXTI_NTGR,7.897634647356979e-05
MHLD_URBN,7.656422757670278e-05
STRT_VICR,7.05255762035374e-05
SSB_STGW,5.748215365905281e-05
CDZI_EML,9.859672350245117e-06
