stock pair,pairs
AUB_PFC,0.955156388170084
EBTC_FNLC,0.9333894559575513
CBSH_PFC,0.9308454625159823
GOOGL_NFLX,0.9308218144188461
EXLS_IMKTA,0.9305288425556756
AUB_CBSH,0.9294501802370437
EBTC_HBNC,0.9276448762103534
BRKL_PFC,0.9260578056260483
FELE_NSIT,0.921241062054719
CBSH_FNLC,0.9210943215773747
