pair,distance
GOOGL_INTU,0.9905781757727632
AUB_ONB,0.9905652635039136
CIVB_FCCO,0.9849323683341296
CIVB_PFC,0.984857166112148
EFSC_FCCO,0.9840579650207334
ESLT_LMAT,0.9837326839098898
CIVB_EFSC,0.982316602373463
AROW_TRMK,0.9820647019514686
CSWC_GOOGL,0.9806518872565742
CCOI_SBUX,0.9803111556046552
